name,id
a double boy,a-double-boy
a hard boy,a-hard-boy
a good boy,a-good-boy
an early boy,an-early-boy
a happy boy,a-happy-boy
a dry boy,a-dry-boy
a favorite boy,a-favorite-boy
a fancy boy,a-fancy-boy
an electric boy,an-electric-boy
an entire boy,an-entire-boy
an exotic boy,an-exotic-boy
a fit boy,a-fit-boy
a great boy,a-great-boy
a close boy,a-close-boy
an eternal boy,an-eternal-boy
a heavy boy,a-heavy-boy
a fine boy,a-fine-boy
an elite boy,an-elite-boy
an eager boy,an-eager-boy
an extra boy,an-extra-boy
a black boy,a-black-boy
an easy boy,an-easy-boy
a hidden balance,a-hidden-balance
a double balance,a-double-balance
a hard balance,a-hard-balance
a good balance,a-good-balance
an early balance,an-early-balance
a happy balance,a-happy-balance
a dry balance,a-dry-balance
a favorite balance,a-favorite-balance
a fancy balance,a-fancy-balance
an electric balance,an-electric-balance
an entire balance,an-entire-balance
an exotic balance,an-exotic-balance
a fit balance,a-fit-balance
a great balance,a-great-balance
a close balance,a-close-balance
an eternal balance,an-eternal-balance
a heavy balance,a-heavy-balance
a fine balance,a-fine-balance
an elite balance,an-elite-balance
an eager balance,an-eager-balance
an extra balance,an-extra-balance
a black balance,a-black-balance
an easy balance,an-easy-balance
a hidden blade,a-hidden-blade
a double blade,a-double-blade
a hard blade,a-hard-blade
a good blade,a-good-blade
an early blade,an-early-blade
a happy blade,a-happy-blade
a dry blade,a-dry-blade
a favorite blade,a-favorite-blade
a fancy blade,a-fancy-blade
an electric blade,an-electric-blade
an entire blade,an-entire-blade
an exotic blade,an-exotic-blade
a fit blade,a-fit-blade
a great blade,a-great-blade
a close blade,a-close-blade
an eternal blade,an-eternal-blade
a heavy blade,a-heavy-blade
a fine blade,a-fine-blade
an elite blade,an-elite-blade
an eager blade,an-eager-blade
an extra blade,an-extra-blade
a black blade,a-black-blade
an easy blade,an-easy-blade
a hidden bacon,a-hidden-bacon
a double bacon,a-double-bacon
a hard bacon,a-hard-bacon
a good bacon,a-good-bacon
an early bacon,an-early-bacon
a happy bacon,a-happy-bacon
a dry bacon,a-dry-bacon
a favorite bacon,a-favorite-bacon
a fancy bacon,a-fancy-bacon
an electric bacon,an-electric-bacon
an entire bacon,an-entire-bacon
an exotic bacon,an-exotic-bacon
a fit bacon,a-fit-bacon
a great bacon,a-great-bacon
a close bacon,a-close-bacon
an eternal bacon,an-eternal-bacon
a heavy bacon,a-heavy-bacon
a fine bacon,a-fine-bacon
an elite bacon,an-elite-bacon
an eager bacon,an-eager-bacon
an extra bacon,an-extra-bacon
a black bacon,a-black-bacon
an easy bacon,an-easy-bacon
a hidden army,a-hidden-army
a double army,a-double-army
a hard army,a-hard-army
a good army,a-good-army
a happy army,a-happy-army
a dry army,a-dry-army
a favorite army,a-favorite-army
a fancy army,a-fancy-army
a fit army,a-fit-army
a great army,a-great-army
a close army,a-close-army
a heavy army,a-heavy-army
a fine army,a-fine-army
a black army,a-black-army
a hidden bamboo,a-hidden-bamboo
a double bamboo,a-double-bamboo
a hard bamboo,a-hard-bamboo
a good bamboo,a-good-bamboo
an early bamboo,an-early-bamboo
a happy bamboo,a-happy-bamboo
a dry bamboo,a-dry-bamboo
a favorite bamboo,a-favorite-bamboo
a fancy bamboo,a-fancy-bamboo
an electric bamboo,an-electric-bamboo
an entire bamboo,an-entire-bamboo
an exotic bamboo,an-exotic-bamboo
a fit bamboo,a-fit-bamboo
a great bamboo,a-great-bamboo
a close bamboo,a-close-bamboo
an eternal bamboo,an-eternal-bamboo
a heavy bamboo,a-heavy-bamboo
a fine bamboo,a-fine-bamboo
an elite bamboo,an-elite-bamboo
an eager bamboo,an-eager-bamboo
an extra bamboo,an-extra-bamboo
a black bamboo,a-black-bamboo
an easy bamboo,an-easy-bamboo
a hidden cliff,a-hidden-cliff
a double cliff,a-double-cliff
a hard cliff,a-hard-cliff
a good cliff,a-good-cliff
an early cliff,an-early-cliff
a happy cliff,a-happy-cliff
a dry cliff,a-dry-cliff
a favorite cliff,a-favorite-cliff
a fancy cliff,a-fancy-cliff
an electric cliff,an-electric-cliff
an entire cliff,an-entire-cliff
an exotic cliff,an-exotic-cliff
a fit cliff,a-fit-cliff
a great cliff,a-great-cliff
a close cliff,a-close-cliff
an eternal cliff,an-eternal-cliff
a heavy cliff,a-heavy-cliff
a fine cliff,a-fine-cliff
an elite cliff,an-elite-cliff
an eager cliff,an-eager-cliff
an extra cliff,an-extra-cliff
a black cliff,a-black-cliff
an easy cliff,an-easy-cliff
a hidden bomb,a-hidden-bomb
a double bomb,a-double-bomb
a hard bomb,a-hard-bomb
a good bomb,a-good-bomb
an early bomb,an-early-bomb
a happy bomb,a-happy-bomb
a dry bomb,a-dry-bomb
a favorite bomb,a-favorite-bomb
a fancy bomb,a-fancy-bomb
an electric bomb,an-electric-bomb
an entire bomb,an-entire-bomb
an exotic bomb,an-exotic-bomb
a fit bomb,a-fit-bomb
a great bomb,a-great-bomb
a close bomb,a-close-bomb
an eternal bomb,an-eternal-bomb
a heavy bomb,a-heavy-bomb
a fine bomb,a-fine-bomb
an elite bomb,an-elite-bomb
an eager bomb,an-eager-bomb
an extra bomb,an-extra-bomb
a black bomb,a-black-bomb
an easy bomb,an-easy-bomb
a hidden artist,a-hidden-artist
a double artist,a-double-artist
a hard artist,a-hard-artist
a good artist,a-good-artist
a happy artist,a-happy-artist
a dry artist,a-dry-artist
a favorite artist,a-favorite-artist
a fancy artist,a-fancy-artist
a fit artist,a-fit-artist
a great artist,a-great-artist
a close artist,a-close-artist
a heavy artist,a-heavy-artist
a fine artist,a-fine-artist
a black artist,a-black-artist
a hidden clap,a-hidden-clap
a double clap,a-double-clap
a hard clap,a-hard-clap
a good clap,a-good-clap
an early clap,an-early-clap
a happy clap,a-happy-clap
a dry clap,a-dry-clap
a favorite clap,a-favorite-clap
a fancy clap,a-fancy-clap
an electric clap,an-electric-clap
an entire clap,an-entire-clap
an exotic clap,an-exotic-clap
a fit clap,a-fit-clap
a great clap,a-great-clap
a close clap,a-close-clap
an eternal clap,an-eternal-clap
a heavy clap,a-heavy-clap
a fine clap,a-fine-clap
an elite clap,an-elite-clap
an eager clap,an-eager-clap
an extra clap,an-extra-clap
a black clap,a-black-clap
an easy clap,an-easy-clap
a hidden body,a-hidden-body
a double body,a-double-body
a hard body,a-hard-body
a good body,a-good-body
an early body,an-early-body
a happy body,a-happy-body
a dry body,a-dry-body
a favorite body,a-favorite-body
a fancy body,a-fancy-body
an electric body,an-electric-body
an entire body,an-entire-body
an exotic body,an-exotic-body
a fit body,a-fit-body
a great body,a-great-body
a close body,a-close-body
an eternal body,an-eternal-body
a heavy body,a-heavy-body
a fine body,a-fine-body
an elite body,an-elite-body
an eager body,an-eager-body
an extra body,an-extra-body
a black body,a-black-body
an easy body,an-easy-body
a hidden arm,a-hidden-arm
a double arm,a-double-arm
a hard arm,a-hard-arm
a good arm,a-good-arm
a happy arm,a-happy-arm
a dry arm,a-dry-arm
a favorite arm,a-favorite-arm
a fancy arm,a-fancy-arm
a fit arm,a-fit-arm
a great arm,a-great-arm
a close arm,a-close-arm
a heavy arm,a-heavy-arm
a fine arm,a-fine-arm
a black arm,a-black-arm
a hidden buzz,a-hidden-buzz
a double buzz,a-double-buzz
a hard buzz,a-hard-buzz
a good buzz,a-good-buzz
an early buzz,an-early-buzz
a happy buzz,a-happy-buzz
a dry buzz,a-dry-buzz
a favorite buzz,a-favorite-buzz
a fancy buzz,a-fancy-buzz
an electric buzz,an-electric-buzz
an entire buzz,an-entire-buzz
an exotic buzz,an-exotic-buzz
a fit buzz,a-fit-buzz
a great buzz,a-great-buzz
a close buzz,a-close-buzz
an eternal buzz,an-eternal-buzz
a heavy buzz,a-heavy-buzz
a fine buzz,a-fine-buzz
an elite buzz,an-elite-buzz
an eager buzz,an-eager-buzz
an extra buzz,an-extra-buzz
a black buzz,a-black-buzz
an easy buzz,an-easy-buzz
a hidden clinic,a-hidden-clinic
a double clinic,a-double-clinic
a hard clinic,a-hard-clinic
a good clinic,a-good-clinic
an early clinic,an-early-clinic
a happy clinic,a-happy-clinic
a dry clinic,a-dry-clinic
a favorite clinic,a-favorite-clinic
a fancy clinic,a-fancy-clinic
an electric clinic,an-electric-clinic
an entire clinic,an-entire-clinic
an exotic clinic,an-exotic-clinic
a fit clinic,a-fit-clinic
a great clinic,a-great-clinic
a close clinic,a-close-clinic
an eternal clinic,an-eternal-clinic
a heavy clinic,a-heavy-clinic
a fine clinic,a-fine-clinic
an elite clinic,an-elite-clinic
an eager clinic,an-eager-clinic
an extra clinic,an-extra-clinic
a black clinic,a-black-clinic
an easy clinic,an-easy-clinic
a hidden atom,a-hidden-atom
a double atom,a-double-atom
a hard atom,a-hard-atom
a good atom,a-good-atom
a happy atom,a-happy-atom
a dry atom,a-dry-atom
a favorite atom,a-favorite-atom
a fancy atom,a-fancy-atom
a fit atom,a-fit-atom
a great atom,a-great-atom
a close atom,a-close-atom
a heavy atom,a-heavy-atom
a fine atom,a-fine-atom
a black atom,a-black-atom
a hidden clock,a-hidden-clock
a double clock,a-double-clock
a hard clock,a-hard-clock
a good clock,a-good-clock
an early clock,an-early-clock
a happy clock,a-happy-clock
a dry clock,a-dry-clock
a favorite clock,a-favorite-clock
a fancy clock,a-fancy-clock
an electric clock,an-electric-clock
an entire clock,an-entire-clock
an exotic clock,an-exotic-clock
a fit clock,a-fit-clock
a great clock,a-great-clock
a close clock,a-close-clock
an eternal clock,an-eternal-clock
a heavy clock,a-heavy-clock
a fine clock,a-fine-clock
an elite clock,an-elite-clock
an eager clock,an-eager-clock
an extra clock,an-extra-clock
a black clock,a-black-clock
an easy clock,an-easy-clock
a hidden chicken,a-hidden-chicken
a double chicken,a-double-chicken
a hard chicken,a-hard-chicken
a good chicken,a-good-chicken
an early chicken,an-early-chicken
a happy chicken,a-happy-chicken
a dry chicken,a-dry-chicken
a favorite chicken,a-favorite-chicken
a fancy chicken,a-fancy-chicken
an electric chicken,an-electric-chicken
an entire chicken,an-entire-chicken
an exotic chicken,an-exotic-chicken
a fit chicken,a-fit-chicken
a great chicken,a-great-chicken
a close chicken,a-close-chicken
an eternal chicken,an-eternal-chicken
a heavy chicken,a-heavy-chicken
a fine chicken,a-fine-chicken
an elite chicken,an-elite-chicken
an eager chicken,an-eager-chicken
an extra chicken,an-extra-chicken
a black chicken,a-black-chicken
an easy chicken,an-easy-chicken
a hidden click,a-hidden-click
a double click,a-double-click
a hard click,a-hard-click
a good click,a-good-click
an early click,an-early-click
a happy click,a-happy-click
a dry click,a-dry-click
a favorite click,a-favorite-click
a fancy click,a-fancy-click
an electric click,an-electric-click
an entire click,an-entire-click
an exotic click,an-exotic-click
a fit click,a-fit-click
a great click,a-great-click
a close click,a-close-click
an eternal click,an-eternal-click
a heavy click,a-heavy-click
a fine click,a-fine-click
an elite click,an-elite-click
an eager click,an-eager-click
an extra click,an-extra-click
a black click,a-black-click
an easy click,an-easy-click
a hidden banana,a-hidden-banana
a double banana,a-double-banana
a hard banana,a-hard-banana
a good banana,a-good-banana
an early banana,an-early-banana
a happy banana,a-happy-banana
a dry banana,a-dry-banana
a favorite banana,a-favorite-banana
a fancy banana,a-fancy-banana
an electric banana,an-electric-banana
an entire banana,an-entire-banana
an exotic banana,an-exotic-banana
a fit banana,a-fit-banana
a great banana,a-great-banana
a close banana,a-close-banana
an eternal banana,an-eternal-banana
a heavy banana,a-heavy-banana
a fine banana,a-fine-banana
an elite banana,an-elite-banana
an eager banana,an-eager-banana
an extra banana,an-extra-banana
a black banana,a-black-banana
an easy banana,an-easy-banana
a hidden cement,a-hidden-cement
a double cement,a-double-cement
a hard cement,a-hard-cement
a good cement,a-good-cement
an early cement,an-early-cement
a happy cement,a-happy-cement
a dry cement,a-dry-cement
a favorite cement,a-favorite-cement
a fancy cement,a-fancy-cement
an electric cement,an-electric-cement
an entire cement,an-entire-cement
an exotic cement,an-exotic-cement
a fit cement,a-fit-cement
a great cement,a-great-cement
a close cement,a-close-cement
an eternal cement,an-eternal-cement
a heavy cement,a-heavy-cement
a fine cement,a-fine-cement
an elite cement,an-elite-cement
an eager cement,an-eager-cement
an extra cement,an-extra-cement
a black cement,a-black-cement
an easy cement,an-easy-cement
a hidden bar,a-hidden-bar
a double bar,a-double-bar
a hard bar,a-hard-bar
a good bar,a-good-bar
an early bar,an-early-bar
a happy bar,a-happy-bar
a dry bar,a-dry-bar
a favorite bar,a-favorite-bar
a fancy bar,a-fancy-bar
an electric bar,an-electric-bar
an entire bar,an-entire-bar
an exotic bar,an-exotic-bar
a fit bar,a-fit-bar
a great bar,a-great-bar
a close bar,a-close-bar
an eternal bar,an-eternal-bar
a heavy bar,a-heavy-bar
a fine bar,a-fine-bar
an elite bar,an-elite-bar
an eager bar,an-eager-bar
an extra bar,an-extra-bar
a black bar,a-black-bar
an easy bar,an-easy-bar
a hidden cereal,a-hidden-cereal
a double cereal,a-double-cereal
a hard cereal,a-hard-cereal
a good cereal,a-good-cereal
an early cereal,an-early-cereal
a happy cereal,a-happy-cereal
a dry cereal,a-dry-cereal
a favorite cereal,a-favorite-cereal
a fancy cereal,a-fancy-cereal
an electric cereal,an-electric-cereal
an entire cereal,an-entire-cereal
an exotic cereal,an-exotic-cereal
a fit cereal,a-fit-cereal
a great cereal,a-great-cereal
a close cereal,a-close-cereal
an eternal cereal,an-eternal-cereal
a heavy cereal,a-heavy-cereal
a fine cereal,a-fine-cereal
an elite cereal,an-elite-cereal
an eager cereal,an-eager-cereal
an extra cereal,an-extra-cereal
a black cereal,a-black-cereal
an easy cereal,an-easy-cereal
a hidden bird,a-hidden-bird
a double bird,a-double-bird
a hard bird,a-hard-bird
a good bird,a-good-bird
an early bird,an-early-bird
a happy bird,a-happy-bird
a dry bird,a-dry-bird
a favorite bird,a-favorite-bird
a fancy bird,a-fancy-bird
an electric bird,an-electric-bird
an entire bird,an-entire-bird
an exotic bird,an-exotic-bird
a fit bird,a-fit-bird
a great bird,a-great-bird
a close bird,a-close-bird
an eternal bird,an-eternal-bird
a heavy bird,a-heavy-bird
a fine bird,a-fine-bird
an elite bird,an-elite-bird
an eager bird,an-eager-bird
an extra bird,an-extra-bird
a black bird,a-black-bird
an easy bird,an-easy-bird
a hidden clerk,a-hidden-clerk
a double clerk,a-double-clerk
a hard clerk,a-hard-clerk
a good clerk,a-good-clerk
an early clerk,an-early-clerk
a happy clerk,a-happy-clerk
a dry clerk,a-dry-clerk
a favorite clerk,a-favorite-clerk
a fancy clerk,a-fancy-clerk
an electric clerk,an-electric-clerk
an entire clerk,an-entire-clerk
an exotic clerk,an-exotic-clerk
a fit clerk,a-fit-clerk
a great clerk,a-great-clerk
a close clerk,a-close-clerk
an eternal clerk,an-eternal-clerk
a heavy clerk,a-heavy-clerk
a fine clerk,a-fine-clerk
an elite clerk,an-elite-clerk
an eager clerk,an-eager-clerk
an extra clerk,an-extra-clerk
a black clerk,a-black-clerk
an easy clerk,an-easy-clerk
a hidden auto,a-hidden-auto
a double auto,a-double-auto
a hard auto,a-hard-auto
a good auto,a-good-auto
a happy auto,a-happy-auto
a dry auto,a-dry-auto
a favorite auto,a-favorite-auto
a fancy auto,a-fancy-auto
a fit auto,a-fit-auto
a great auto,a-great-auto
a close auto,a-close-auto
a heavy auto,a-heavy-auto
a fine auto,a-fine-auto
a black auto,a-black-auto
a hidden champion,a-hidden-champion
a double champion,a-double-champion
a hard champion,a-hard-champion
a good champion,a-good-champion
an early champion,an-early-champion
a happy champion,a-happy-champion
a dry champion,a-dry-champion
a favorite champion,a-favorite-champion
a fancy champion,a-fancy-champion
an electric champion,an-electric-champion
an entire champion,an-entire-champion
an exotic champion,an-exotic-champion
a fit champion,a-fit-champion
a great champion,a-great-champion
a close champion,a-close-champion
an eternal champion,an-eternal-champion
a heavy champion,a-heavy-champion
a fine champion,a-fine-champion
an elite champion,an-elite-champion
an eager champion,an-eager-champion
an extra champion,an-extra-champion
a black champion,a-black-champion
an easy champion,an-easy-champion
a hidden bag,a-hidden-bag
a double bag,a-double-bag
a hard bag,a-hard-bag
a good bag,a-good-bag
an early bag,an-early-bag
a happy bag,a-happy-bag
a dry bag,a-dry-bag
a favorite bag,a-favorite-bag
a fancy bag,a-fancy-bag
an electric bag,an-electric-bag
an entire bag,an-entire-bag
an exotic bag,an-exotic-bag
a fit bag,a-fit-bag
a great bag,a-great-bag
a close bag,a-close-bag
an eternal bag,an-eternal-bag
a heavy bag,a-heavy-bag
a fine bag,a-fine-bag
an elite bag,an-elite-bag
an eager bag,an-eager-bag
an extra bag,an-extra-bag
a black bag,a-black-bag
an easy bag,an-easy-bag
a hidden brush,a-hidden-brush
a double brush,a-double-brush
a hard brush,a-hard-brush
a good brush,a-good-brush
an early brush,an-early-brush
a happy brush,a-happy-brush
a dry brush,a-dry-brush
a favorite brush,a-favorite-brush
a fancy brush,a-fancy-brush
an electric brush,an-electric-brush
an entire brush,an-entire-brush
an exotic brush,an-exotic-brush
a fit brush,a-fit-brush
a great brush,a-great-brush
a close brush,a-close-brush
an eternal brush,an-eternal-brush
a heavy brush,a-heavy-brush
a fine brush,a-fine-brush
an elite brush,an-elite-brush
an eager brush,an-eager-brush
an extra brush,an-extra-brush
a black brush,a-black-brush
an easy brush,an-easy-brush
a hidden bone,a-hidden-bone
a double bone,a-double-bone
a hard bone,a-hard-bone
a good bone,a-good-bone
an early bone,an-early-bone
a happy bone,a-happy-bone
a dry bone,a-dry-bone
a favorite bone,a-favorite-bone
a fancy bone,a-fancy-bone
an electric bone,an-electric-bone
an entire bone,an-entire-bone
an exotic bone,an-exotic-bone
a fit bone,a-fit-bone
a great bone,a-great-bone
a close bone,a-close-bone
an eternal bone,an-eternal-bone
a heavy bone,a-heavy-bone
a fine bone,a-fine-bone
an elite bone,an-elite-bone
an eager bone,an-eager-bone
an extra bone,an-extra-bone
a black bone,a-black-bone
an easy bone,an-easy-bone
a hidden cloud,a-hidden-cloud
a double cloud,a-double-cloud
a hard cloud,a-hard-cloud
a good cloud,a-good-cloud
an early cloud,an-early-cloud
a happy cloud,a-happy-cloud
a dry cloud,a-dry-cloud
a favorite cloud,a-favorite-cloud
a fancy cloud,a-fancy-cloud
an electric cloud,an-electric-cloud
an entire cloud,an-entire-cloud
an exotic cloud,an-exotic-cloud
a fit cloud,a-fit-cloud
a great cloud,a-great-cloud
a close cloud,a-close-cloud
an eternal cloud,an-eternal-cloud
a heavy cloud,a-heavy-cloud
a fine cloud,a-fine-cloud
an elite cloud,an-elite-cloud
an eager cloud,an-eager-cloud
an extra cloud,an-extra-cloud
a black cloud,a-black-cloud
an easy cloud,an-easy-cloud
a hidden balcony,a-hidden-balcony
a double balcony,a-double-balcony
a hard balcony,a-hard-balcony
a good balcony,a-good-balcony
an early balcony,an-early-balcony
a happy balcony,a-happy-balcony
a dry balcony,a-dry-balcony
a favorite balcony,a-favorite-balcony
a fancy balcony,a-fancy-balcony
an electric balcony,an-electric-balcony
an entire balcony,an-entire-balcony
an exotic balcony,an-exotic-balcony
a fit balcony,a-fit-balcony
a great balcony,a-great-balcony
a close balcony,a-close-balcony
an eternal balcony,an-eternal-balcony
a heavy balcony,a-heavy-balcony
a fine balcony,a-fine-balcony
an elite balcony,an-elite-balcony
an eager balcony,an-eager-balcony
an extra balcony,an-extra-balcony
a black balcony,a-black-balcony
an easy balcony,an-easy-balcony
a hidden canal,a-hidden-canal
a double canal,a-double-canal
a hard canal,a-hard-canal
a good canal,a-good-canal
an early canal,an-early-canal
a happy canal,a-happy-canal
a dry canal,a-dry-canal
a favorite canal,a-favorite-canal
a fancy canal,a-fancy-canal
an electric canal,an-electric-canal
an entire canal,an-entire-canal
an exotic canal,an-exotic-canal
a fit canal,a-fit-canal
a great canal,a-great-canal
a close canal,a-close-canal
an eternal canal,an-eternal-canal
a heavy canal,a-heavy-canal
a fine canal,a-fine-canal
an elite canal,an-elite-canal
an eager canal,an-eager-canal
an extra canal,an-extra-canal
a black canal,a-black-canal
an easy canal,an-easy-canal
a hidden bid,a-hidden-bid
a double bid,a-double-bid
a hard bid,a-hard-bid
a good bid,a-good-bid
an early bid,an-early-bid
a happy bid,a-happy-bid
a dry bid,a-dry-bid
a favorite bid,a-favorite-bid
a fancy bid,a-fancy-bid
an electric bid,an-electric-bid
an entire bid,an-entire-bid
an exotic bid,an-exotic-bid
a fit bid,a-fit-bid
a great bid,a-great-bid
a close bid,a-close-bid
an eternal bid,an-eternal-bid
a heavy bid,a-heavy-bid
a fine bid,a-fine-bid
an elite bid,an-elite-bid
an eager bid,an-eager-bid
an extra bid,an-extra-bid
a black bid,a-black-bid
an easy bid,an-easy-bid
a hidden club,a-hidden-club
a double club,a-double-club
a hard club,a-hard-club
a good club,a-good-club
an early club,an-early-club
a happy club,a-happy-club
a dry club,a-dry-club
a favorite club,a-favorite-club
a fancy club,a-fancy-club
an electric club,an-electric-club
an entire club,an-entire-club
an exotic club,an-exotic-club
a fit club,a-fit-club
a great club,a-great-club
a close club,a-close-club
an eternal club,an-eternal-club
a heavy club,a-heavy-club
a fine club,a-fine-club
an elite club,an-elite-club
an eager club,an-eager-club
an extra club,an-extra-club
a black club,a-black-club
an easy club,an-easy-club
a hidden call,a-hidden-call
a double call,a-double-call
a hard call,a-hard-call
a good call,a-good-call
an early call,an-early-call
a happy call,a-happy-call
a dry call,a-dry-call
a favorite call,a-favorite-call
a fancy call,a-fancy-call
an electric call,an-electric-call
an entire call,an-entire-call
an exotic call,an-exotic-call
a fit call,a-fit-call
a great call,a-great-call
a close call,a-close-call
an eternal call,an-eternal-call
a heavy call,a-heavy-call
a fine call,a-fine-call
an elite call,an-elite-call
an eager call,an-eager-call
an extra call,an-extra-call
a black call,a-black-call
an easy call,an-easy-call
a hidden cave,a-hidden-cave
a double cave,a-double-cave
a hard cave,a-hard-cave
a good cave,a-good-cave
an early cave,an-early-cave
a happy cave,a-happy-cave
a dry cave,a-dry-cave
a favorite cave,a-favorite-cave
a fancy cave,a-fancy-cave
an electric cave,an-electric-cave
an entire cave,an-entire-cave
an exotic cave,an-exotic-cave
a fit cave,a-fit-cave
a great cave,a-great-cave
a close cave,a-close-cave
an eternal cave,an-eternal-cave
a heavy cave,a-heavy-cave
a fine cave,a-fine-cave
an elite cave,an-elite-cave
an eager cave,an-eager-cave
an extra cave,an-extra-cave
a black cave,a-black-cave
an easy cave,an-easy-cave
a hidden book,a-hidden-book
a double book,a-double-book
a hard book,a-hard-book
a good book,a-good-book
an early book,an-early-book
a happy book,a-happy-book
a dry book,a-dry-book
a favorite book,a-favorite-book
a fancy book,a-fancy-book
an electric book,an-electric-book
an entire book,an-entire-book
an exotic book,an-exotic-book
a fit book,a-fit-book
a great book,a-great-book
a close book,a-close-book
an eternal book,an-eternal-book
a heavy book,a-heavy-book
a fine book,a-fine-book
an elite book,an-elite-book
an eager book,an-eager-book
an extra book,an-extra-book
a black book,a-black-book
an easy book,an-easy-book
a hidden audit,a-hidden-audit
a double audit,a-double-audit
a hard audit,a-hard-audit
a good audit,a-good-audit
a happy audit,a-happy-audit
a dry audit,a-dry-audit
a favorite audit,a-favorite-audit
a fancy audit,a-fancy-audit
a fit audit,a-fit-audit
a great audit,a-great-audit
a close audit,a-close-audit
a heavy audit,a-heavy-audit
a fine audit,a-fine-audit
a black audit,a-black-audit
a hidden bonus,a-hidden-bonus
a double bonus,a-double-bonus
a hard bonus,a-hard-bonus
a good bonus,a-good-bonus
an early bonus,an-early-bonus
a happy bonus,a-happy-bonus
a dry bonus,a-dry-bonus
a favorite bonus,a-favorite-bonus
a fancy bonus,a-fancy-bonus
an electric bonus,an-electric-bonus
an entire bonus,an-entire-bonus
an exotic bonus,an-exotic-bonus
a fit bonus,a-fit-bonus
a great bonus,a-great-bonus
a close bonus,a-close-bonus
an eternal bonus,an-eternal-bonus
a heavy bonus,a-heavy-bonus
a fine bonus,a-fine-bonus
an elite bonus,an-elite-bonus
an eager bonus,an-eager-bonus
an extra bonus,an-extra-bonus
a black bonus,a-black-bonus
an easy bonus,an-easy-bonus
a hidden auction,a-hidden-auction
a double auction,a-double-auction
a hard auction,a-hard-auction
a good auction,a-good-auction
a happy auction,a-happy-auction
a dry auction,a-dry-auction
a favorite auction,a-favorite-auction
a fancy auction,a-fancy-auction
a fit auction,a-fit-auction
a great auction,a-great-auction
a close auction,a-close-auction
a heavy auction,a-heavy-auction
a fine auction,a-fine-auction
a black auction,a-black-auction
a hidden box,a-hidden-box
a double box,a-double-box
a hard box,a-hard-box
a good box,a-good-box
an early box,an-early-box
a happy box,a-happy-box
a dry box,a-dry-box
a favorite box,a-favorite-box
a fancy box,a-fancy-box
an electric box,an-electric-box
an entire box,an-entire-box
an exotic box,an-exotic-box
a fit box,a-fit-box
a great box,a-great-box
a close box,a-close-box
an eternal box,an-eternal-box
a heavy box,a-heavy-box
a fine box,a-fine-box
an elite box,an-elite-box
an eager box,an-eager-box
an extra box,an-extra-box
a black box,a-black-box
an easy box,an-easy-box
a hidden bubble,a-hidden-bubble
a double bubble,a-double-bubble
a hard bubble,a-hard-bubble
a good bubble,a-good-bubble
an early bubble,an-early-bubble
a happy bubble,a-happy-bubble
a dry bubble,a-dry-bubble
a favorite bubble,a-favorite-bubble
a fancy bubble,a-fancy-bubble
an electric bubble,an-electric-bubble
an entire bubble,an-entire-bubble
an exotic bubble,an-exotic-bubble
a fit bubble,a-fit-bubble
a great bubble,a-great-bubble
a close bubble,a-close-bubble
an eternal bubble,an-eternal-bubble
a heavy bubble,a-heavy-bubble
a fine bubble,a-fine-bubble
an elite bubble,an-elite-bubble
an eager bubble,an-eager-bubble
an extra bubble,an-extra-bubble
a black bubble,a-black-bubble
an easy bubble,an-easy-bubble
a hidden child,a-hidden-child
a double child,a-double-child
a hard child,a-hard-child
a good child,a-good-child
an early child,an-early-child
a happy child,a-happy-child
a dry child,a-dry-child
a favorite child,a-favorite-child
a fancy child,a-fancy-child
an electric child,an-electric-child
an entire child,an-entire-child
an exotic child,an-exotic-child
a fit child,a-fit-child
a great child,a-great-child
a close child,a-close-child
an eternal child,an-eternal-child
a heavy child,a-heavy-child
a fine child,a-fine-child
an elite child,an-elite-child
an eager child,an-eager-child
an extra child,an-extra-child
a black child,a-black-child
an easy child,an-easy-child
a hidden can,a-hidden-can
a double can,a-double-can
a hard can,a-hard-can
a good can,a-good-can
an early can,an-early-can
a happy can,a-happy-can
a dry can,a-dry-can
a favorite can,a-favorite-can
a fancy can,a-fancy-can
an electric can,an-electric-can
an entire can,an-entire-can
an exotic can,an-exotic-can
a fit can,a-fit-can
a great can,a-great-can
a close can,a-close-can
an eternal can,an-eternal-can
a heavy can,a-heavy-can
a fine can,a-fine-can
an elite can,an-elite-can
an eager can,an-eager-can
an extra can,an-extra-can
a black can,a-black-can
an easy can,an-easy-can
a hidden blood,a-hidden-blood
a double blood,a-double-blood
a hard blood,a-hard-blood
a good blood,a-good-blood
an early blood,an-early-blood
a happy blood,a-happy-blood
a dry blood,a-dry-blood
a favorite blood,a-favorite-blood
a fancy blood,a-fancy-blood
an electric blood,an-electric-blood
an entire blood,an-entire-blood
an exotic blood,an-exotic-blood
a fit blood,a-fit-blood
a great blood,a-great-blood
a close blood,a-close-blood
an eternal blood,an-eternal-blood
a heavy blood,a-heavy-blood
a fine blood,a-fine-blood
an elite blood,an-elite-blood
an eager blood,an-eager-blood
an extra blood,an-extra-blood
a black blood,a-black-blood
an easy blood,an-easy-blood
a hidden boat,a-hidden-boat
a double boat,a-double-boat
a hard boat,a-hard-boat
a good boat,a-good-boat
an early boat,an-early-boat
a happy boat,a-happy-boat
a dry boat,a-dry-boat
a favorite boat,a-favorite-boat
a fancy boat,a-fancy-boat
an electric boat,an-electric-boat
an entire boat,an-entire-boat
an exotic boat,an-exotic-boat
a fit boat,a-fit-boat
a great boat,a-great-boat
a close boat,a-close-boat
an eternal boat,an-eternal-boat
a heavy boat,a-heavy-boat
a fine boat,a-fine-boat
an elite boat,an-elite-boat
an eager boat,an-eager-boat
an extra boat,an-extra-boat
a black boat,a-black-boat
an easy boat,an-easy-boat
a hidden cake,a-hidden-cake
a double cake,a-double-cake
a hard cake,a-hard-cake
a good cake,a-good-cake
an early cake,an-early-cake
a happy cake,a-happy-cake
a dry cake,a-dry-cake
a favorite cake,a-favorite-cake
a fancy cake,a-fancy-cake
an electric cake,an-electric-cake
an entire cake,an-entire-cake
an exotic cake,an-exotic-cake
a fit cake,a-fit-cake
a great cake,a-great-cake
a close cake,a-close-cake
an eternal cake,an-eternal-cake
a heavy cake,a-heavy-cake
a fine cake,a-fine-cake
an elite cake,an-elite-cake
an eager cake,an-eager-cake
an extra cake,an-extra-cake
a black cake,a-black-cake
an easy cake,an-easy-cake
a hidden bike,a-hidden-bike
a double bike,a-double-bike
a hard bike,a-hard-bike
a good bike,a-good-bike
an early bike,an-early-bike
a happy bike,a-happy-bike
a dry bike,a-dry-bike
a favorite bike,a-favorite-bike
a fancy bike,a-fancy-bike
an electric bike,an-electric-bike
an entire bike,an-entire-bike
an exotic bike,an-exotic-bike
a fit bike,a-fit-bike
a great bike,a-great-bike
a close bike,a-close-bike
an eternal bike,an-eternal-bike
a heavy bike,a-heavy-bike
a fine bike,a-fine-bike
an elite bike,an-elite-bike
an eager bike,an-eager-bike
an extra bike,an-extra-bike
a black bike,a-black-bike
an easy bike,an-easy-bike
a hidden canoe,a-hidden-canoe
a double canoe,a-double-canoe
a hard canoe,a-hard-canoe
a good canoe,a-good-canoe
an early canoe,an-early-canoe
a happy canoe,a-happy-canoe
a dry canoe,a-dry-canoe
a favorite canoe,a-favorite-canoe
a fancy canoe,a-fancy-canoe
an electric canoe,an-electric-canoe
an entire canoe,an-entire-canoe
an exotic canoe,an-exotic-canoe
a fit canoe,a-fit-canoe
a great canoe,a-great-canoe
a close canoe,a-close-canoe
an eternal canoe,an-eternal-canoe
a heavy canoe,a-heavy-canoe
a fine canoe,a-fine-canoe
an elite canoe,an-elite-canoe
an eager canoe,an-eager-canoe
an extra canoe,an-extra-canoe
a black canoe,a-black-canoe
an easy canoe,an-easy-canoe
a hidden avocado,a-hidden-avocado
a double avocado,a-double-avocado
a hard avocado,a-hard-avocado
a good avocado,a-good-avocado
a happy avocado,a-happy-avocado
a dry avocado,a-dry-avocado
a favorite avocado,a-favorite-avocado
a fancy avocado,a-fancy-avocado
a fit avocado,a-fit-avocado
a great avocado,a-great-avocado
a close avocado,a-close-avocado
a heavy avocado,a-heavy-avocado
a fine avocado,a-fine-avocado
a black avocado,a-black-avocado
a hidden ball,a-hidden-ball
a double ball,a-double-ball
a hard ball,a-hard-ball
a good ball,a-good-ball
an early ball,an-early-ball
a happy ball,a-happy-ball
a dry ball,a-dry-ball
a favorite ball,a-favorite-ball
a fancy ball,a-fancy-ball
an electric ball,an-electric-ball
an entire ball,an-entire-ball
an exotic ball,an-exotic-ball
a fit ball,a-fit-ball
a great ball,a-great-ball
a close ball,a-close-ball
an eternal ball,an-eternal-ball
a heavy ball,a-heavy-ball
a fine ball,a-fine-ball
an elite ball,an-elite-ball
an eager ball,an-eager-ball
an extra ball,an-extra-ball
a black ball,a-black-ball
an easy ball,an-easy-ball
a hidden artwork,a-hidden-artwork
a double artwork,a-double-artwork
a hard artwork,a-hard-artwork
a good artwork,a-good-artwork
a happy artwork,a-happy-artwork
a dry artwork,a-dry-artwork
a favorite artwork,a-favorite-artwork
a fancy artwork,a-fancy-artwork
a fit artwork,a-fit-artwork
a great artwork,a-great-artwork
a close artwork,a-close-artwork
a heavy artwork,a-heavy-artwork
a fine artwork,a-fine-artwork
a black artwork,a-black-artwork
a hidden client,a-hidden-client
a double client,a-double-client
a hard client,a-hard-client
a good client,a-good-client
an early client,an-early-client
a happy client,a-happy-client
a dry client,a-dry-client
a favorite client,a-favorite-client
a fancy client,a-fancy-client
an electric client,an-electric-client
an entire client,an-entire-client
an exotic client,an-exotic-client
a fit client,a-fit-client
a great client,a-great-client
a close client,a-close-client
an eternal client,an-eternal-client
a heavy client,a-heavy-client
a fine client,a-fine-client
an elite client,an-elite-client
an eager client,an-eager-client
an extra client,an-extra-client
a black client,a-black-client
an easy client,an-easy-client